<?xml version="1.0" encoding="UTF-8"?><module codename="org.netbeans.modules.editor.lib/3">
    <module_version install_time="1556056127483" last="true" origin="installer" specification_version="4.7.1.23.3.55">
        <file crc="2509696244" name="config/ModuleAutoDeps/org-netbeans-modules-editor-lib.xml"/>
        <file crc="3017052692" name="config/Modules/org-netbeans-modules-editor-lib.xml"/>
        <file crc="1361568724" name="modules/locale/org-netbeans-modules-editor-lib_ja.jar"/>
        <file crc="3379397703" name="modules/locale/org-netbeans-modules-editor-lib_pt_BR.jar"/>
        <file crc="225040906" name="modules/locale/org-netbeans-modules-editor-lib_ru.jar"/>
        <file crc="2815716104" name="modules/locale/org-netbeans-modules-editor-lib_zh_CN.jar"/>
        <file crc="3288364414" name="modules/org-netbeans-modules-editor-lib.jar"/>
    </module_version>
</module>
