<?xml version="1.0" encoding="UTF-8"?><module codename="org.netbeans.modules.editor.fold.nbui">
    <module_version install_time="1556056127371" last="true" origin="installer" specification_version="1.12.1.55">
        <file crc="2740362867" name="config/Modules/org-netbeans-modules-editor-fold-nbui.xml"/>
        <file crc="539886070" name="modules/locale/org-netbeans-modules-editor-fold-nbui_ja.jar"/>
        <file crc="2225237162" name="modules/locale/org-netbeans-modules-editor-fold-nbui_pt_BR.jar"/>
        <file crc="2471847608" name="modules/locale/org-netbeans-modules-editor-fold-nbui_ru.jar"/>
        <file crc="1493734972" name="modules/locale/org-netbeans-modules-editor-fold-nbui_zh_CN.jar"/>
        <file crc="1507033907" name="modules/org-netbeans-modules-editor-fold-nbui.jar"/>
    </module_version>
</module>
