<?xml version="1.0" encoding="UTF-8"?><module codename="org.netbeans.modules.editor.settings/1">
    <module_version install_time="1556056127584" last="true" origin="installer" specification_version="1.56.1">
        <file crc="561761059" name="config/Modules/org-netbeans-modules-editor-settings.xml"/>
        <file crc="3294490576" name="modules/locale/org-netbeans-modules-editor-settings_ja.jar"/>
        <file crc="2420511495" name="modules/locale/org-netbeans-modules-editor-settings_pt_BR.jar"/>
        <file crc="922518452" name="modules/locale/org-netbeans-modules-editor-settings_ru.jar"/>
        <file crc="2124319869" name="modules/locale/org-netbeans-modules-editor-settings_zh_CN.jar"/>
        <file crc="1688081415" name="modules/org-netbeans-modules-editor-settings.jar"/>
    </module_version>
</module>
