<?xml version="1.0" encoding="UTF-8"?><module codename="org.openide.text">
    <module_version install_time="1556056127807" last="true" origin="installer" specification_version="6.67.1">
        <file crc="2441864466" name="config/ModuleAutoDeps/org-openide-text.xml"/>
        <file crc="1795978028" name="config/Modules/org-openide-text.xml"/>
        <file crc="2319535078" name="modules/locale/org-openide-text_ja.jar"/>
        <file crc="4271954679" name="modules/locale/org-openide-text_pt_BR.jar"/>
        <file crc="593363529" name="modules/locale/org-openide-text_ru.jar"/>
        <file crc="821267952" name="modules/locale/org-openide-text_zh_CN.jar"/>
        <file crc="2608986983" name="modules/org-openide-text.jar"/>
    </module_version>
</module>
