<?xml version="1.0" encoding="UTF-8"?><module codename="org.netbeans.libs.jna.platform/1">
    <module_version install_time="1556056124968" last="true" origin="installer" specification_version="1.14.1">
        <file crc="2225677004" name="config/Modules/org-netbeans-libs-jna-platform.xml"/>
        <file crc="2551312282" name="modules/ext/jna-platform-4.2.2.jar"/>
        <file crc="1792804520" name="modules/locale/org-netbeans-libs-jna-platform_ja.jar"/>
        <file crc="1347904612" name="modules/locale/org-netbeans-libs-jna-platform_pt_BR.jar"/>
        <file crc="694357234" name="modules/locale/org-netbeans-libs-jna-platform_ru.jar"/>
        <file crc="2785792953" name="modules/locale/org-netbeans-libs-jna-platform_zh_CN.jar"/>
        <file crc="1080639133" name="modules/org-netbeans-libs-jna-platform.jar"/>
    </module_version>
</module>
