<?xml version="1.0" encoding="UTF-8"?><module codename="org.netbeans.modules.uihandler">
    <module_version install_time="1543847215529" last="true" origin="installer" specification_version="2.35.1">
        <file crc="3675798995" name="config/Modules/org-netbeans-modules-uihandler.xml"/>
        <file crc="2083045114" name="modules/locale/org-netbeans-modules-uihandler_ja.jar"/>
        <file crc="1703698164" name="modules/locale/org-netbeans-modules-uihandler_pt_BR.jar"/>
        <file crc="3879662790" name="modules/locale/org-netbeans-modules-uihandler_ru.jar"/>
        <file crc="458873029" name="modules/locale/org-netbeans-modules-uihandler_zh_CN.jar"/>
        <file crc="69387710" name="modules/org-netbeans-modules-uihandler.jar"/>
    </module_version>
</module>
