<?xml version="1.0" encoding="UTF-8"?><module codename="org.netbeans.modules.editor.document">
    <module_version install_time="1543847216453" last="true" origin="installer" specification_version="1.9.1.3">
        <file crc="2494316100" name="config/Modules/org-netbeans-modules-editor-document.xml"/>
        <file crc="1630107556" name="modules/locale/org-netbeans-modules-editor-document_ja.jar"/>
        <file crc="607250194" name="modules/locale/org-netbeans-modules-editor-document_pt_BR.jar"/>
        <file crc="2935407914" name="modules/locale/org-netbeans-modules-editor-document_ru.jar"/>
        <file crc="901898790" name="modules/locale/org-netbeans-modules-editor-document_zh_CN.jar"/>
        <file crc="1118147108" name="modules/org-netbeans-modules-editor-document.jar"/>
    </module_version>
</module>
