<?xml version="1.0" encoding="UTF-8"?><module codename="org.netbeans.modules.editor.actions/1">
    <module_version install_time="1543847216913" last="true" origin="installer" specification_version="1.31.1.55">
        <file crc="992536293" name="config/Modules/org-netbeans-modules-editor-actions.xml"/>
        <file crc="1093790876" name="modules/locale/org-netbeans-modules-editor-actions_ja.jar"/>
        <file crc="499780482" name="modules/locale/org-netbeans-modules-editor-actions_pt_BR.jar"/>
        <file crc="3215967798" name="modules/locale/org-netbeans-modules-editor-actions_ru.jar"/>
        <file crc="473509391" name="modules/locale/org-netbeans-modules-editor-actions_zh_CN.jar"/>
        <file crc="2112361581" name="modules/org-netbeans-modules-editor-actions.jar"/>
    </module_version>
</module>
