<?xml version="1.0" encoding="UTF-8"?><module codename="org.netbeans.modules.lexer/2">
    <module_version install_time="1543847216654" last="true" origin="installer" specification_version="1.63.1.1">
        <file crc="3425354387" name="config/Modules/org-netbeans-modules-lexer.xml"/>
        <file crc="572186607" name="modules/locale/org-netbeans-modules-lexer_ja.jar"/>
        <file crc="3056972427" name="modules/locale/org-netbeans-modules-lexer_pt_BR.jar"/>
        <file crc="243016339" name="modules/locale/org-netbeans-modules-lexer_ru.jar"/>
        <file crc="1739130226" name="modules/locale/org-netbeans-modules-lexer_zh_CN.jar"/>
        <file crc="3811355737" name="modules/org-netbeans-modules-lexer.jar"/>
    </module_version>
</module>
