<?xml version="1.0" encoding="UTF-8"?><module codename="org.netbeans.modules.editor/3">
    <module_version install_time="1543847216441" last="true" origin="installer" specification_version="1.87.1.6.3.23.55">
        <file crc="3066718341" name="config/ModuleAutoDeps/org-netbeans-modules-editor.xml"/>
        <file crc="2401213403" name="config/Modules/org-netbeans-modules-editor.xml"/>
        <file crc="571883549" name="modules/locale/org-netbeans-modules-editor_ja.jar"/>
        <file crc="811896478" name="modules/locale/org-netbeans-modules-editor_pt_BR.jar"/>
        <file crc="2650706768" name="modules/locale/org-netbeans-modules-editor_ru.jar"/>
        <file crc="1805039095" name="modules/locale/org-netbeans-modules-editor_zh_CN.jar"/>
        <file crc="1579883235" name="modules/org-netbeans-modules-editor.jar"/>
    </module_version>
</module>
