<?xml version="1.0" encoding="UTF-8"?><module codename="org.netbeans.libs.jsr223/1">
    <module_version install_time="1497447769857" last="true" origin="installer" specification_version="1.34.1">
        <file crc="1051087422" name="config/Modules/org-netbeans-libs-jsr223.xml"/>
        <file crc="3773194444" name="modules/locale/org-netbeans-libs-jsr223_ja.jar"/>
        <file crc="2279704228" name="modules/locale/org-netbeans-libs-jsr223_pt_BR.jar"/>
        <file crc="517196373" name="modules/locale/org-netbeans-libs-jsr223_ru.jar"/>
        <file crc="2363758471" name="modules/locale/org-netbeans-libs-jsr223_zh_CN.jar"/>
        <file crc="3424453258" name="modules/org-netbeans-libs-jsr223.jar"/>
    </module_version>
</module>
