<?xml version="1.0" encoding="UTF-8"?><module codename="org.netbeans.modules.uihandler">
    <module_version install_time="1497447771156" last="true" origin="installer" specification_version="2.34.1">
        <file crc="3675798995" name="config/Modules/org-netbeans-modules-uihandler.xml"/>
        <file crc="1858158371" name="modules/locale/org-netbeans-modules-uihandler_ja.jar"/>
        <file crc="2959753672" name="modules/locale/org-netbeans-modules-uihandler_pt_BR.jar"/>
        <file crc="549577858" name="modules/locale/org-netbeans-modules-uihandler_ru.jar"/>
        <file crc="3708821352" name="modules/locale/org-netbeans-modules-uihandler_zh_CN.jar"/>
        <file crc="330213836" name="modules/org-netbeans-modules-uihandler.jar"/>
    </module_version>
</module>
