<?xml version="1.0" encoding="UTF-8"?><module codename="org.netbeans.modules.settings/1">
    <module_version install_time="1500783044759" last="true" origin="installer" specification_version="1.48.1">
        <file crc="554047262" name="config/Modules/org-netbeans-modules-settings.xml"/>
        <file crc="3761591740" name="modules/locale/org-netbeans-modules-settings_ja.jar"/>
        <file crc="3847214257" name="modules/locale/org-netbeans-modules-settings_pt_BR.jar"/>
        <file crc="3050923496" name="modules/locale/org-netbeans-modules-settings_ru.jar"/>
        <file crc="3618006256" name="modules/locale/org-netbeans-modules-settings_zh_CN.jar"/>
        <file crc="630390363" name="modules/org-netbeans-modules-settings.jar"/>
    </module_version>
</module>
