<?xml version="1.0" encoding="UTF-8"?><module codename="org.netbeans.modules.sendopts/2">
    <module_version install_time="1500783045393" last="true" origin="installer" specification_version="2.34.1">
        <file crc="3090052921" name="config/Modules/org-netbeans-modules-sendopts.xml"/>
        <file crc="2374875783" name="modules/locale/org-netbeans-modules-sendopts_ja.jar"/>
        <file crc="1866264306" name="modules/locale/org-netbeans-modules-sendopts_pt_BR.jar"/>
        <file crc="86447421" name="modules/locale/org-netbeans-modules-sendopts_ru.jar"/>
        <file crc="3573405882" name="modules/locale/org-netbeans-modules-sendopts_zh_CN.jar"/>
        <file crc="4067806660" name="modules/org-netbeans-modules-sendopts.jar"/>
    </module_version>
</module>
