<?xml version="1.0" encoding="UTF-8"?><module codename="org.openide.dialogs">
    <module_version install_time="1500783045382" last="true" origin="installer" specification_version="7.41.1">
        <file crc="807629635" name="config/Modules/org-openide-dialogs.xml"/>
        <file crc="517498281" name="modules/locale/org-openide-dialogs_ja.jar"/>
        <file crc="2011733739" name="modules/locale/org-openide-dialogs_pt_BR.jar"/>
        <file crc="2504618365" name="modules/locale/org-openide-dialogs_ru.jar"/>
        <file crc="399315447" name="modules/locale/org-openide-dialogs_zh_CN.jar"/>
        <file crc="2631789388" name="modules/org-openide-dialogs.jar"/>
    </module_version>
</module>
