<?xml version="1.0" encoding="UTF-8"?><module codename="org.netbeans.modules.masterfs.windows">
    <module_version install_time="1497447770632" last="true" origin="installer" specification_version="1.15.1">
        <file crc="2941073432" name="config/Modules/org-netbeans-modules-masterfs-windows.xml"/>
        <file crc="3167488514" name="modules/locale/org-netbeans-modules-masterfs-windows_ja.jar"/>
        <file crc="1053483137" name="modules/locale/org-netbeans-modules-masterfs-windows_pt_BR.jar"/>
        <file crc="834183219" name="modules/locale/org-netbeans-modules-masterfs-windows_ru.jar"/>
        <file crc="2075674868" name="modules/locale/org-netbeans-modules-masterfs-windows_zh_CN.jar"/>
        <file crc="3548068818" name="modules/org-netbeans-modules-masterfs-windows.jar"/>
    </module_version>
</module>
