<?xml version="1.0" encoding="UTF-8"?><module codename="org.netbeans.api.search">
    <module_version install_time="1497447768930" last="true" origin="installer" specification_version="1.20.1">
        <file crc="3710953649" name="config/Modules/org-netbeans-api-search.xml"/>
        <file crc="1900483090" name="modules/locale/org-netbeans-api-search_ja.jar"/>
        <file crc="298487384" name="modules/locale/org-netbeans-api-search_pt_BR.jar"/>
        <file crc="1239770320" name="modules/locale/org-netbeans-api-search_ru.jar"/>
        <file crc="1371392103" name="modules/locale/org-netbeans-api-search_zh_CN.jar"/>
        <file crc="3565058104" name="modules/org-netbeans-api-search.jar"/>
    </module_version>
</module>
