<?xml version="1.0" encoding="UTF-8"?><module codename="org.netbeans.modules.keyring.impl">
    <module_version install_time="1497447770545" last="true" origin="installer" specification_version="1.23.1">
        <file crc="729697579" name="config/Modules/org-netbeans-modules-keyring-impl.xml"/>
        <file crc="3348907051" name="modules/locale/org-netbeans-modules-keyring-impl_ja.jar"/>
        <file crc="2183857250" name="modules/locale/org-netbeans-modules-keyring-impl_pt_BR.jar"/>
        <file crc="1872385709" name="modules/locale/org-netbeans-modules-keyring-impl_ru.jar"/>
        <file crc="3249192730" name="modules/locale/org-netbeans-modules-keyring-impl_zh_CN.jar"/>
        <file crc="34686403" name="modules/org-netbeans-modules-keyring-impl.jar"/>
    </module_version>
</module>
