<?xml version="1.0" encoding="UTF-8"?><module codename="org.netbeans.modules.sampler">
    <module_version install_time="1497447772247" last="true" origin="installer" specification_version="1.13.1">
        <file crc="3630527653" name="config/Modules/org-netbeans-modules-sampler.xml"/>
        <file crc="2182932932" name="modules/locale/org-netbeans-modules-sampler_ja.jar"/>
        <file crc="802182421" name="modules/locale/org-netbeans-modules-sampler_pt_BR.jar"/>
        <file crc="2303543077" name="modules/locale/org-netbeans-modules-sampler_ru.jar"/>
        <file crc="1454532534" name="modules/locale/org-netbeans-modules-sampler_zh_CN.jar"/>
        <file crc="3932630083" name="modules/org-netbeans-modules-sampler.jar"/>
    </module_version>
</module>
