<?xml version="1.0" encoding="UTF-8"?><module codename="org.netbeans.modules.editor.settings.lib">
    <module_version install_time="1500783049672" last="true" origin="installer" specification_version="1.50.1.1">
        <file crc="1152697915" name="config/Modules/org-netbeans-modules-editor-settings-lib.xml"/>
        <file crc="1586459037" name="modules/locale/org-netbeans-modules-editor-settings-lib_ja.jar"/>
        <file crc="369291199" name="modules/locale/org-netbeans-modules-editor-settings-lib_pt_BR.jar"/>
        <file crc="3531875306" name="modules/locale/org-netbeans-modules-editor-settings-lib_ru.jar"/>
        <file crc="2105058106" name="modules/locale/org-netbeans-modules-editor-settings-lib_zh_CN.jar"/>
        <file crc="136082390" name="modules/org-netbeans-modules-editor-settings-lib.jar"/>
    </module_version>
</module>
