<?xml version="1.0" encoding="UTF-8"?><module codename="org.netbeans.modules.editor/3">
    <module_version install_time="1497447774435" last="true" origin="installer" specification_version="1.84.1.5.1.22.44">
        <file crc="3066718341" name="config/ModuleAutoDeps/org-netbeans-modules-editor.xml"/>
        <file crc="2401213403" name="config/Modules/org-netbeans-modules-editor.xml"/>
        <file crc="1316477476" name="modules/locale/org-netbeans-modules-editor_ja.jar"/>
        <file crc="2968547356" name="modules/locale/org-netbeans-modules-editor_pt_BR.jar"/>
        <file crc="3587550736" name="modules/locale/org-netbeans-modules-editor_ru.jar"/>
        <file crc="2776672082" name="modules/locale/org-netbeans-modules-editor_zh_CN.jar"/>
        <file crc="2917779166" name="modules/org-netbeans-modules-editor.jar"/>
    </module_version>
</module>
