<?xml version="1.0" encoding="UTF-8"?><module codename="org.netbeans.modules.editor.util/1">
    <module_version install_time="1500783046217" last="true" origin="installer" specification_version="1.61.1">
        <file crc="1365010955" name="config/Modules/org-netbeans-modules-editor-util.xml"/>
        <file crc="617450809" name="modules/locale/org-netbeans-modules-editor-util_ja.jar"/>
        <file crc="1679524567" name="modules/locale/org-netbeans-modules-editor-util_pt_BR.jar"/>
        <file crc="2164023810" name="modules/locale/org-netbeans-modules-editor-util_ru.jar"/>
        <file crc="4020068046" name="modules/locale/org-netbeans-modules-editor-util_zh_CN.jar"/>
        <file crc="3557541049" name="modules/org-netbeans-modules-editor-util.jar"/>
    </module_version>
</module>
