<?xml version="1.0" encoding="UTF-8"?><module codename="org.netbeans.modules.editor.guards/1">
    <module_version install_time="1497447775552" last="true" origin="installer" specification_version="1.31.1">
        <file crc="591587818" name="config/Modules/org-netbeans-modules-editor-guards.xml"/>
        <file crc="2047342984" name="modules/locale/org-netbeans-modules-editor-guards_ja.jar"/>
        <file crc="3841523154" name="modules/locale/org-netbeans-modules-editor-guards_pt_BR.jar"/>
        <file crc="1575148608" name="modules/locale/org-netbeans-modules-editor-guards_ru.jar"/>
        <file crc="1045204751" name="modules/locale/org-netbeans-modules-editor-guards_zh_CN.jar"/>
        <file crc="3690381969" name="modules/org-netbeans-modules-editor-guards.jar"/>
    </module_version>
</module>
