<?xml version="1.0" encoding="UTF-8"?><module codename="org.netbeans.modules.editor.lib/3">
    <module_version install_time="1500783048339" last="true" origin="installer" specification_version="4.3.1.22.1.44">
        <file crc="2509696244" name="config/ModuleAutoDeps/org-netbeans-modules-editor-lib.xml"/>
        <file crc="3017052692" name="config/Modules/org-netbeans-modules-editor-lib.xml"/>
        <file crc="1572148628" name="modules/locale/org-netbeans-modules-editor-lib_ja.jar"/>
        <file crc="2071201620" name="modules/locale/org-netbeans-modules-editor-lib_pt_BR.jar"/>
        <file crc="1430057140" name="modules/locale/org-netbeans-modules-editor-lib_ru.jar"/>
        <file crc="3087121130" name="modules/locale/org-netbeans-modules-editor-lib_zh_CN.jar"/>
        <file crc="410133653" name="modules/org-netbeans-modules-editor-lib.jar"/>
    </module_version>
</module>
