<?xml version="1.0" encoding="UTF-8"?><module codename="org.netbeans.modules.editor.document">
    <module_version install_time="1500783049203" last="true" origin="installer" specification_version="1.5.1.1">
        <file crc="2494316100" name="config/Modules/org-netbeans-modules-editor-document.xml"/>
        <file crc="2936279765" name="modules/locale/org-netbeans-modules-editor-document_ja.jar"/>
        <file crc="981543785" name="modules/locale/org-netbeans-modules-editor-document_pt_BR.jar"/>
        <file crc="3575859998" name="modules/locale/org-netbeans-modules-editor-document_ru.jar"/>
        <file crc="692728864" name="modules/locale/org-netbeans-modules-editor-document_zh_CN.jar"/>
        <file crc="2779072490" name="modules/org-netbeans-modules-editor-document.jar"/>
    </module_version>
</module>
