<?xml version="1.0" encoding="UTF-8"?><module codename="org.netbeans.modules.editor.actions/1">
    <module_version install_time="1500783049002" last="true" origin="installer" specification_version="1.29.1.44">
        <file crc="992536293" name="config/Modules/org-netbeans-modules-editor-actions.xml"/>
        <file crc="2514092975" name="modules/locale/org-netbeans-modules-editor-actions_ja.jar"/>
        <file crc="3519943958" name="modules/locale/org-netbeans-modules-editor-actions_pt_BR.jar"/>
        <file crc="4178272344" name="modules/locale/org-netbeans-modules-editor-actions_ru.jar"/>
        <file crc="3202015817" name="modules/locale/org-netbeans-modules-editor-actions_zh_CN.jar"/>
        <file crc="2621954800" name="modules/org-netbeans-modules-editor-actions.jar"/>
    </module_version>
</module>
