<?xml version="1.0" encoding="UTF-8"?><module codename="org.netbeans.modules.editor.plain/2">
    <module_version install_time="1497447773852" last="true" origin="installer" specification_version="1.34.1">
        <file crc="977811071" name="config/Modules/org-netbeans-modules-editor-plain.xml"/>
        <file crc="2811538655" name="modules/locale/org-netbeans-modules-editor-plain_ja.jar"/>
        <file crc="801756644" name="modules/locale/org-netbeans-modules-editor-plain_pt_BR.jar"/>
        <file crc="3964078027" name="modules/locale/org-netbeans-modules-editor-plain_ru.jar"/>
        <file crc="1599463190" name="modules/locale/org-netbeans-modules-editor-plain_zh_CN.jar"/>
        <file crc="2086957184" name="modules/org-netbeans-modules-editor-plain.jar"/>
    </module_version>
</module>
