<?xml version="1.0" encoding="UTF-8"?><module codename="org.netbeans.modules.editor.settings/1">
    <module_version install_time="1500783050242" last="true" origin="installer" specification_version="1.55.1">
        <file crc="561761059" name="config/Modules/org-netbeans-modules-editor-settings.xml"/>
        <file crc="557559927" name="modules/locale/org-netbeans-modules-editor-settings_ja.jar"/>
        <file crc="2808375014" name="modules/locale/org-netbeans-modules-editor-settings_pt_BR.jar"/>
        <file crc="4009034928" name="modules/locale/org-netbeans-modules-editor-settings_ru.jar"/>
        <file crc="3618835299" name="modules/locale/org-netbeans-modules-editor-settings_zh_CN.jar"/>
        <file crc="2354353970" name="modules/org-netbeans-modules-editor-settings.jar"/>
    </module_version>
</module>
