<?xml version="1.0" encoding="UTF-8"?><module codename="org.netbeans.modules.editor.lib2/1">
    <module_version install_time="1497447779760" last="true" origin="installer" specification_version="2.4.1.44.1">
        <file crc="984784746" name="config/ModuleAutoDeps/org-netbeans-modules-editor-lib2.xml"/>
        <file crc="1027150669" name="config/Modules/org-netbeans-modules-editor-lib2.xml"/>
        <file crc="3806435580" name="modules/locale/org-netbeans-modules-editor-lib2_ja.jar"/>
        <file crc="2836864896" name="modules/locale/org-netbeans-modules-editor-lib2_pt_BR.jar"/>
        <file crc="2553300392" name="modules/locale/org-netbeans-modules-editor-lib2_ru.jar"/>
        <file crc="282636363" name="modules/locale/org-netbeans-modules-editor-lib2_zh_CN.jar"/>
        <file crc="281030628" name="modules/org-netbeans-modules-editor-lib2.jar"/>
    </module_version>
</module>
