<?xml version="1.0" encoding="UTF-8"?><module codename="org.netbeans.modules.editor.settings.storage/1">
    <module_version install_time="1497447775150" last="true" origin="installer" specification_version="1.50.1.1">
        <file crc="256801136" name="config/ModuleAutoDeps/org-netbeans-modules-editor-settings-storage.xml"/>
        <file crc="417708896" name="config/Modules/org-netbeans-modules-editor-settings-storage.xml"/>
        <file crc="3927466934" name="modules/locale/org-netbeans-modules-editor-settings-storage_ja.jar"/>
        <file crc="945721920" name="modules/locale/org-netbeans-modules-editor-settings-storage_pt_BR.jar"/>
        <file crc="2316973307" name="modules/locale/org-netbeans-modules-editor-settings-storage_ru.jar"/>
        <file crc="2079579260" name="modules/locale/org-netbeans-modules-editor-settings-storage_zh_CN.jar"/>
        <file crc="4147868532" name="modules/org-netbeans-modules-editor-settings-storage.jar"/>
    </module_version>
</module>
