<?xml version="1.0" encoding="UTF-8"?><module codename="org.netbeans.modules.lexer/2">
    <module_version install_time="1500783047934" last="true" origin="installer" specification_version="1.62.1.1">
        <file crc="3425354387" name="config/Modules/org-netbeans-modules-lexer.xml"/>
        <file crc="373749395" name="modules/locale/org-netbeans-modules-lexer_ja.jar"/>
        <file crc="1609605135" name="modules/locale/org-netbeans-modules-lexer_pt_BR.jar"/>
        <file crc="426961999" name="modules/locale/org-netbeans-modules-lexer_ru.jar"/>
        <file crc="2366596749" name="modules/locale/org-netbeans-modules-lexer_zh_CN.jar"/>
        <file crc="3913149756" name="modules/org-netbeans-modules-lexer.jar"/>
    </module_version>
</module>
