<?xml version="1.0" encoding="UTF-8"?><module codename="org.netbeans.modules.editor.plain.lib/1">
    <module_version install_time="1497447777457" last="true" origin="installer" specification_version="1.32.1">
        <file crc="387640368" name="config/Modules/org-netbeans-modules-editor-plain-lib.xml"/>
        <file crc="3059886485" name="modules/locale/org-netbeans-modules-editor-plain-lib_ja.jar"/>
        <file crc="1139690213" name="modules/locale/org-netbeans-modules-editor-plain-lib_pt_BR.jar"/>
        <file crc="3975051229" name="modules/locale/org-netbeans-modules-editor-plain-lib_ru.jar"/>
        <file crc="3728286917" name="modules/locale/org-netbeans-modules-editor-plain-lib_zh_CN.jar"/>
        <file crc="1308925900" name="modules/org-netbeans-modules-editor-plain-lib.jar"/>
    </module_version>
</module>
