<?xml version="1.0" encoding="UTF-8"?><module codename="org.netbeans.modules.editor.fold.nbui">
    <module_version install_time="1497447774798" last="true" origin="installer" specification_version="1.11.1.44">
        <file crc="2740362867" name="config/Modules/org-netbeans-modules-editor-fold-nbui.xml"/>
        <file crc="880249275" name="modules/locale/org-netbeans-modules-editor-fold-nbui_ja.jar"/>
        <file crc="2886953236" name="modules/locale/org-netbeans-modules-editor-fold-nbui_pt_BR.jar"/>
        <file crc="3665145858" name="modules/locale/org-netbeans-modules-editor-fold-nbui_ru.jar"/>
        <file crc="621221464" name="modules/locale/org-netbeans-modules-editor-fold-nbui_zh_CN.jar"/>
        <file crc="178875137" name="modules/org-netbeans-modules-editor-fold-nbui.jar"/>
    </module_version>
</module>
