<?xml version="1.0" encoding="UTF-8"?><module codename="com.willwinder.ugs.platform.plugin.jog">
    <module_version install_time="1556053685687" last="true" origin="installer" specification_version="2.0.0.2019.04.23.21.06">
        <file crc="146990321" name="config/Modules/com-willwinder-ugs-platform-plugin-jog.xml"/>
        <file crc="1376444616" name="modules/com-willwinder-ugs-platform-plugin-jog.jar"/>
        <file crc="1089199254" name="modules/ext/com.willwinder.ugs-platform-plugin-jog/com-fazecast/jSerialComm.jar"/>
        <file crc="3917731978" name="modules/ext/com.willwinder.ugs-platform-plugin-jog/com-google-code-gson/gson.jar"/>
        <file crc="2116422439" name="modules/ext/com.willwinder.ugs-platform-plugin-jog/com-google-guava/guava.jar"/>
        <file crc="404371406" name="modules/ext/com.willwinder.ugs-platform-plugin-jog/com-google-zxing/core.jar"/>
        <file crc="3874253516" name="modules/ext/com.willwinder.ugs-platform-plugin-jog/com-google-zxing/javase.jar"/>
        <file crc="385887944" name="modules/ext/com.willwinder.ugs-platform-plugin-jog/com-miglayout/miglayout.jar"/>
        <file crc="2210663335" name="modules/ext/com.willwinder.ugs-platform-plugin-jog/com-willwinder-universalgcodesender/ugs-core.jar"/>
        <file crc="937643154" name="modules/ext/com.willwinder.ugs-platform-plugin-jog/commons-io/commons-io.jar"/>
        <file crc="482760628" name="modules/ext/com.willwinder.ugs-platform-plugin-jog/javax-media/jmf.jar"/>
        <file crc="144526893" name="modules/ext/com.willwinder.ugs-platform-plugin-jog/javax-vecmath/vecmath.jar"/>
        <file crc="3522701796" name="modules/ext/com.willwinder.ugs-platform-plugin-jog/net-glxn/qrgen.jar"/>
        <file crc="1711495235" name="modules/ext/com.willwinder.ugs-platform-plugin-jog/org-apache-commons/commons-csv.jar"/>
        <file crc="1805867360" name="modules/ext/com.willwinder.ugs-platform-plugin-jog/org-apache-commons/commons-lang3.jar"/>
        <file crc="1371539559" name="modules/ext/com.willwinder.ugs-platform-plugin-jog/org-eclipse-jetty-orbit/javax.servlet.jar"/>
        <file crc="2322223270" name="modules/ext/com.willwinder.ugs-platform-plugin-jog/org-eclipse-jetty/jetty-continuation.jar"/>
        <file crc="3223996186" name="modules/ext/com.willwinder.ugs-platform-plugin-jog/org-eclipse-jetty/jetty-http.jar"/>
        <file crc="2332995896" name="modules/ext/com.willwinder.ugs-platform-plugin-jog/org-eclipse-jetty/jetty-io.jar"/>
        <file crc="165138036" name="modules/ext/com.willwinder.ugs-platform-plugin-jog/org-eclipse-jetty/jetty-server.jar"/>
        <file crc="2226441800" name="modules/ext/com.willwinder.ugs-platform-plugin-jog/org-eclipse-jetty/jetty-util.jar"/>
        <file crc="1575793434" name="modules/ext/com.willwinder.ugs-platform-plugin-jog/org-jogamp-gluegen/gluegen-rt-main.jar"/>
        <file crc="3910888327" name="modules/ext/com.willwinder.ugs-platform-plugin-jog/org-jogamp-gluegen/gluegen-rt-natives-android-aarch64.jar"/>
        <file crc="2399832062" name="modules/ext/com.willwinder.ugs-platform-plugin-jog/org-jogamp-gluegen/gluegen-rt-natives-android-armv6.jar"/>
        <file crc="3678588617" name="modules/ext/com.willwinder.ugs-platform-plugin-jog/org-jogamp-gluegen/gluegen-rt-natives-linux-amd64.jar"/>
        <file crc="642515817" name="modules/ext/com.willwinder.ugs-platform-plugin-jog/org-jogamp-gluegen/gluegen-rt-natives-linux-armv6.jar"/>
        <file crc="4267668526" name="modules/ext/com.willwinder.ugs-platform-plugin-jog/org-jogamp-gluegen/gluegen-rt-natives-linux-armv6hf.jar"/>
        <file crc="1722544172" name="modules/ext/com.willwinder.ugs-platform-plugin-jog/org-jogamp-gluegen/gluegen-rt-natives-linux-i586.jar"/>
        <file crc="2095147497" name="modules/ext/com.willwinder.ugs-platform-plugin-jog/org-jogamp-gluegen/gluegen-rt-natives-macosx-universal.jar"/>
        <file crc="2384981365" name="modules/ext/com.willwinder.ugs-platform-plugin-jog/org-jogamp-gluegen/gluegen-rt-natives-solaris-amd64.jar"/>
        <file crc="2668181938" name="modules/ext/com.willwinder.ugs-platform-plugin-jog/org-jogamp-gluegen/gluegen-rt-natives-solaris-i586.jar"/>
        <file crc="3176296270" name="modules/ext/com.willwinder.ugs-platform-plugin-jog/org-jogamp-gluegen/gluegen-rt-natives-windows-amd64.jar"/>
        <file crc="2101973974" name="modules/ext/com.willwinder.ugs-platform-plugin-jog/org-jogamp-gluegen/gluegen-rt-natives-windows-i586.jar"/>
        <file crc="1552883203" name="modules/ext/com.willwinder.ugs-platform-plugin-jog/org-jogamp-gluegen/gluegen-rt.jar"/>
        <file crc="1575793434" name="modules/ext/com.willwinder.ugs-platform-plugin-jog/org-jogamp-jogl/jogl-all-main.jar"/>
        <file crc="2950254044" name="modules/ext/com.willwinder.ugs-platform-plugin-jog/org-jogamp-jogl/jogl-all-natives-android-aarch64.jar"/>
        <file crc="3579049319" name="modules/ext/com.willwinder.ugs-platform-plugin-jog/org-jogamp-jogl/jogl-all-natives-android-armv6.jar"/>
        <file crc="858139046" name="modules/ext/com.willwinder.ugs-platform-plugin-jog/org-jogamp-jogl/jogl-all-natives-linux-amd64.jar"/>
        <file crc="2896720473" name="modules/ext/com.willwinder.ugs-platform-plugin-jog/org-jogamp-jogl/jogl-all-natives-linux-armv6.jar"/>
        <file crc="428449159" name="modules/ext/com.willwinder.ugs-platform-plugin-jog/org-jogamp-jogl/jogl-all-natives-linux-armv6hf.jar"/>
        <file crc="380359582" name="modules/ext/com.willwinder.ugs-platform-plugin-jog/org-jogamp-jogl/jogl-all-natives-linux-i586.jar"/>
        <file crc="3674165964" name="modules/ext/com.willwinder.ugs-platform-plugin-jog/org-jogamp-jogl/jogl-all-natives-macosx-universal.jar"/>
        <file crc="1962236854" name="modules/ext/com.willwinder.ugs-platform-plugin-jog/org-jogamp-jogl/jogl-all-natives-solaris-amd64.jar"/>
        <file crc="2008602357" name="modules/ext/com.willwinder.ugs-platform-plugin-jog/org-jogamp-jogl/jogl-all-natives-solaris-i586.jar"/>
        <file crc="584045100" name="modules/ext/com.willwinder.ugs-platform-plugin-jog/org-jogamp-jogl/jogl-all-natives-windows-amd64.jar"/>
        <file crc="3230234534" name="modules/ext/com.willwinder.ugs-platform-plugin-jog/org-jogamp-jogl/jogl-all-natives-windows-i586.jar"/>
        <file crc="3941331126" name="modules/ext/com.willwinder.ugs-platform-plugin-jog/org-jogamp-jogl/jogl-all.jar"/>
        <file crc="4191045740" name="modules/ext/com.willwinder.ugs-platform-plugin-jog/org-scream3r/jssc.jar"/>
        <file crc="3379943687" name="modules/ext/com.willwinder.ugs-platform-plugin-jog/org-swinglabs/swing-layout.jar"/>
        <file crc="3638952049" name="update_tracking/com-willwinder-ugs-platform-plugin-jog.xml"/>
    </module_version>
</module>
