<?xml version="1.0" encoding="UTF-8"?><module codename="com.willwinder.ugs.platform.branding">
    <module_version install_time="1556053684674" last="true" origin="installer" specification_version="2.0.0.2019.04.23.21.06">
        <file crc="4071916498" name="config/Modules/com-willwinder-ugs-platform-branding.xml"/>
        <file crc="1393276961" name="core/locale/core_ugsplatform.jar"/>
        <file crc="2311509048" name="modules/com-willwinder-ugs-platform-branding.jar"/>
        <file crc="1380424211" name="modules/locale/org-netbeans-core-windows_ugsplatform.jar"/>
        <file crc="3138723612" name="modules/locale/org-netbeans-core_ugsplatform.jar"/>
        <file crc="4213878000" name="update_tracking/com-willwinder-ugs-platform-branding.xml"/>
    </module_version>
</module>
