<?xml version="1.0" encoding="UTF-8"?><module codename="com.willwinder.ugs.platform.branding">
    <module_version install_time="1545139274027" last="true" origin="installer" specification_version="2.0.0.2018.12.18.13.20">
        <file crc="4071916498" name="config/Modules/com-willwinder-ugs-platform-branding.xml"/>
        <file crc="191142763" name="core/locale/core_ugsplatform.jar"/>
        <file crc="805661083" name="modules/com-willwinder-ugs-platform-branding.jar"/>
        <file crc="3101144530" name="modules/locale/org-netbeans-core-windows_ugsplatform.jar"/>
        <file crc="3910532710" name="modules/locale/org-netbeans-core_ugsplatform.jar"/>
        <file crc="2392171769" name="update_tracking/com-willwinder-ugs-platform-branding.xml"/>
    </module_version>
</module>
