<?xml version="1.0" encoding="UTF-8"?>
<!--

    Licensed to the Apache Software Foundation (ASF) under one
    or more contributor license agreements.  See the NOTICE file
    distributed with this work for additional information
    regarding copyright ownership.  The ASF licenses this file
    to you under the Apache License, Version 2.0 (the
    "License"); you may not use this file except in compliance
    with the License.  You may obtain a copy of the License at

      http://www.apache.org/licenses/LICENSE-2.0

    Unless required by applicable law or agreed to in writing,
    software distributed under the License is distributed on an
    "AS IS" BASIS, WITHOUT WARRANTIES OR CONDITIONS OF ANY
    KIND, either express or implied.  See the License for the
    specific language governing permissions and limitations
    under the License.

-->

<!DOCTYPE transformations PUBLIC "-//NetBeans//DTD Module Automatic Dependencies 1.0//EN" "http://www.netbeans.org/dtds/module-auto-deps-1_0.dtd">

<transformations version="1.0">
    <transformationgroup>
        <description>The old editor settings and completion APIs have been deprecated, see http://wiki.netbeans.org/EditorSettingsUpgrade and update your module.</description>
        <transformation>
            <trigger-dependency type="older">
                <module-dependency codenamebase="org.netbeans.modules.editor" major="3" spec="1.41"/>
            </trigger-dependency>
            <implies>
                <result>
                    <module-dependency codenamebase="org.netbeans.modules.editor.deprecated.pre61completion" major="0" spec="1.0"/>
                </result>
                <result>
                    <module-dependency codenamebase="org.netbeans.modules.editor.deprecated.pre61settings" major="0" spec="1.0"/>
                </result>
            </implies>
        </transformation>
    </transformationgroup>
    
    <transformationgroup>
        <description>The old editor formatting API have been deprecated, see http://wiki.netbeans.org/EditorFormattingAPIUpgrade and update your module.</description>
        <transformation>
            <trigger-dependency type="older">
                <module-dependency codenamebase="org.netbeans.modules.editor" major="3" spec="1.53"/>
            </trigger-dependency>
            <implies>
                <result>
                    <module-dependency codenamebase="org.netbeans.modules.editor.deprecated.pre65formatting" major="0" spec="1.0"/>
                </result>
            </implies>
        </transformation>
    </transformationgroup>
</transformations>
