<?xml version="1.0" encoding="UTF-8"?><module codename="com.willwinder.ugs.platform.ugslib">
    <module_version install_time="1565788931509" last="true" origin="installer" specification_version="2.0.0.2019.08.14.13.18">
        <file crc="1888403563" name="config/Modules/com-willwinder-ugs-platform-ugslib.xml"/>
        <file crc="2795160919" name="modules/com-willwinder-ugs-platform-ugslib.jar"/>
        <file crc="898173514" name="modules/ext/com.willwinder.ugs-platform-ugslib/com-fasterxml-jackson-core/jackson-annotations.jar"/>
        <file crc="570427459" name="modules/ext/com.willwinder.ugs-platform-ugslib/com-fasterxml-jackson-core/jackson-core.jar"/>
        <file crc="2681052884" name="modules/ext/com.willwinder.ugs-platform-ugslib/com-fasterxml-jackson-core/jackson-databind.jar"/>
        <file crc="1248346454" name="modules/ext/com.willwinder.ugs-platform-ugslib/com-fasterxml-jackson-module/jackson-module-jaxb-annotations.jar"/>
        <file crc="1089199254" name="modules/ext/com.willwinder.ugs-platform-ugslib/com-fazecast/jSerialComm.jar"/>
        <file crc="3917731978" name="modules/ext/com.willwinder.ugs-platform-ugslib/com-google-code-gson/gson.jar"/>
        <file crc="2116422439" name="modules/ext/com.willwinder.ugs-platform-ugslib/com-google-guava/guava.jar"/>
        <file crc="404371406" name="modules/ext/com.willwinder.ugs-platform-ugslib/com-google-zxing/core.jar"/>
        <file crc="3874253516" name="modules/ext/com.willwinder.ugs-platform-ugslib/com-google-zxing/javase.jar"/>
        <file crc="385887944" name="modules/ext/com.willwinder.ugs-platform-ugslib/com-miglayout/miglayout.jar"/>
        <file crc="2593135886" name="modules/ext/com.willwinder.ugs-platform-ugslib/com-willwinder-universalgcodesender/ugs-core.jar"/>
        <file crc="2142350538" name="modules/ext/com.willwinder.ugs-platform-ugslib/com-willwinder-universalgcodesender/ugs-pendant.jar"/>
        <file crc="937643154" name="modules/ext/com.willwinder.ugs-platform-ugslib/commons-io/commons-io.jar"/>
        <file crc="1922846449" name="modules/ext/com.willwinder.ugs-platform-ugslib/javax-annotation/javax.annotation-api.jar"/>
        <file crc="3496745672" name="modules/ext/com.willwinder.ugs-platform-ugslib/javax-inject/javax.inject.jar"/>
        <file crc="482760628" name="modules/ext/com.willwinder.ugs-platform-ugslib/javax-media/jmf.jar"/>
        <file crc="1065403493" name="modules/ext/com.willwinder.ugs-platform-ugslib/javax-servlet/javax.servlet-api.jar"/>
        <file crc="3009198276" name="modules/ext/com.willwinder.ugs-platform-ugslib/javax-validation/validation-api.jar"/>
        <file crc="144526893" name="modules/ext/com.willwinder.ugs-platform-ugslib/javax-vecmath/vecmath.jar"/>
        <file crc="3143799672" name="modules/ext/com.willwinder.ugs-platform-ugslib/javax-ws-rs/javax.ws.rs-api.jar"/>
        <file crc="3522701796" name="modules/ext/com.willwinder.ugs-platform-ugslib/net-glxn/qrgen.jar"/>
        <file crc="1711495235" name="modules/ext/com.willwinder.ugs-platform-ugslib/org-apache-commons/commons-csv.jar"/>
        <file crc="1805867360" name="modules/ext/com.willwinder.ugs-platform-ugslib/org-apache-commons/commons-lang3.jar"/>
        <file crc="4183669369" name="modules/ext/com.willwinder.ugs-platform-ugslib/org-eclipse-jetty/jetty-continuation.jar"/>
        <file crc="1941999712" name="modules/ext/com.willwinder.ugs-platform-ugslib/org-eclipse-jetty/jetty-http.jar"/>
        <file crc="1783865029" name="modules/ext/com.willwinder.ugs-platform-ugslib/org-eclipse-jetty/jetty-io.jar"/>
        <file crc="2871792166" name="modules/ext/com.willwinder.ugs-platform-ugslib/org-eclipse-jetty/jetty-security.jar"/>
        <file crc="1199941208" name="modules/ext/com.willwinder.ugs-platform-ugslib/org-eclipse-jetty/jetty-server.jar"/>
        <file crc="100387405" name="modules/ext/com.willwinder.ugs-platform-ugslib/org-eclipse-jetty/jetty-servlet.jar"/>
        <file crc="3820127611" name="modules/ext/com.willwinder.ugs-platform-ugslib/org-eclipse-jetty/jetty-util.jar"/>
        <file crc="1179718402" name="modules/ext/com.willwinder.ugs-platform-ugslib/org-glassfish-hk2-external/aopalliance-repackaged.jar"/>
        <file crc="1414542187" name="modules/ext/com.willwinder.ugs-platform-ugslib/org-glassfish-hk2-external/javax.inject.jar"/>
        <file crc="933124560" name="modules/ext/com.willwinder.ugs-platform-ugslib/org-glassfish-hk2/hk2-api.jar"/>
        <file crc="627507122" name="modules/ext/com.willwinder.ugs-platform-ugslib/org-glassfish-hk2/hk2-locator.jar"/>
        <file crc="1004034285" name="modules/ext/com.willwinder.ugs-platform-ugslib/org-glassfish-hk2/hk2-utils.jar"/>
        <file crc="696422277" name="modules/ext/com.willwinder.ugs-platform-ugslib/org-glassfish-hk2/osgi-resource-locator.jar"/>
        <file crc="2185418456" name="modules/ext/com.willwinder.ugs-platform-ugslib/org-glassfish-jersey-containers/jersey-container-jetty-http.jar"/>
        <file crc="1653003453" name="modules/ext/com.willwinder.ugs-platform-ugslib/org-glassfish-jersey-containers/jersey-container-servlet-core.jar"/>
        <file crc="2992320766" name="modules/ext/com.willwinder.ugs-platform-ugslib/org-glassfish-jersey-core/jersey-client.jar"/>
        <file crc="429287527" name="modules/ext/com.willwinder.ugs-platform-ugslib/org-glassfish-jersey-core/jersey-common.jar"/>
        <file crc="1157040642" name="modules/ext/com.willwinder.ugs-platform-ugslib/org-glassfish-jersey-core/jersey-server.jar"/>
        <file crc="72737677" name="modules/ext/com.willwinder.ugs-platform-ugslib/org-glassfish-jersey-ext/jersey-entity-filtering.jar"/>
        <file crc="1293345408" name="modules/ext/com.willwinder.ugs-platform-ugslib/org-glassfish-jersey-inject/jersey-hk2.jar"/>
        <file crc="2914273856" name="modules/ext/com.willwinder.ugs-platform-ugslib/org-glassfish-jersey-media/jersey-media-jaxb.jar"/>
        <file crc="1805370985" name="modules/ext/com.willwinder.ugs-platform-ugslib/org-glassfish-jersey-media/jersey-media-json-jackson.jar"/>
        <file crc="696061679" name="modules/ext/com.willwinder.ugs-platform-ugslib/org-glassfish-jersey-media/jersey-media-multipart.jar"/>
        <file crc="1822470943" name="modules/ext/com.willwinder.ugs-platform-ugslib/org-javassist/javassist.jar"/>
        <file crc="1575793434" name="modules/ext/com.willwinder.ugs-platform-ugslib/org-jogamp-gluegen/gluegen-rt-main.jar"/>
        <file crc="3910888327" name="modules/ext/com.willwinder.ugs-platform-ugslib/org-jogamp-gluegen/gluegen-rt-natives-android-aarch64.jar"/>
        <file crc="2399832062" name="modules/ext/com.willwinder.ugs-platform-ugslib/org-jogamp-gluegen/gluegen-rt-natives-android-armv6.jar"/>
        <file crc="3678588617" name="modules/ext/com.willwinder.ugs-platform-ugslib/org-jogamp-gluegen/gluegen-rt-natives-linux-amd64.jar"/>
        <file crc="642515817" name="modules/ext/com.willwinder.ugs-platform-ugslib/org-jogamp-gluegen/gluegen-rt-natives-linux-armv6.jar"/>
        <file crc="4267668526" name="modules/ext/com.willwinder.ugs-platform-ugslib/org-jogamp-gluegen/gluegen-rt-natives-linux-armv6hf.jar"/>
        <file crc="1722544172" name="modules/ext/com.willwinder.ugs-platform-ugslib/org-jogamp-gluegen/gluegen-rt-natives-linux-i586.jar"/>
        <file crc="2095147497" name="modules/ext/com.willwinder.ugs-platform-ugslib/org-jogamp-gluegen/gluegen-rt-natives-macosx-universal.jar"/>
        <file crc="2384981365" name="modules/ext/com.willwinder.ugs-platform-ugslib/org-jogamp-gluegen/gluegen-rt-natives-solaris-amd64.jar"/>
        <file crc="2668181938" name="modules/ext/com.willwinder.ugs-platform-ugslib/org-jogamp-gluegen/gluegen-rt-natives-solaris-i586.jar"/>
        <file crc="3176296270" name="modules/ext/com.willwinder.ugs-platform-ugslib/org-jogamp-gluegen/gluegen-rt-natives-windows-amd64.jar"/>
        <file crc="2101973974" name="modules/ext/com.willwinder.ugs-platform-ugslib/org-jogamp-gluegen/gluegen-rt-natives-windows-i586.jar"/>
        <file crc="1552883203" name="modules/ext/com.willwinder.ugs-platform-ugslib/org-jogamp-gluegen/gluegen-rt.jar"/>
        <file crc="1575793434" name="modules/ext/com.willwinder.ugs-platform-ugslib/org-jogamp-jogl/jogl-all-main.jar"/>
        <file crc="2950254044" name="modules/ext/com.willwinder.ugs-platform-ugslib/org-jogamp-jogl/jogl-all-natives-android-aarch64.jar"/>
        <file crc="3579049319" name="modules/ext/com.willwinder.ugs-platform-ugslib/org-jogamp-jogl/jogl-all-natives-android-armv6.jar"/>
        <file crc="858139046" name="modules/ext/com.willwinder.ugs-platform-ugslib/org-jogamp-jogl/jogl-all-natives-linux-amd64.jar"/>
        <file crc="2896720473" name="modules/ext/com.willwinder.ugs-platform-ugslib/org-jogamp-jogl/jogl-all-natives-linux-armv6.jar"/>
        <file crc="428449159" name="modules/ext/com.willwinder.ugs-platform-ugslib/org-jogamp-jogl/jogl-all-natives-linux-armv6hf.jar"/>
        <file crc="380359582" name="modules/ext/com.willwinder.ugs-platform-ugslib/org-jogamp-jogl/jogl-all-natives-linux-i586.jar"/>
        <file crc="3674165964" name="modules/ext/com.willwinder.ugs-platform-ugslib/org-jogamp-jogl/jogl-all-natives-macosx-universal.jar"/>
        <file crc="1962236854" name="modules/ext/com.willwinder.ugs-platform-ugslib/org-jogamp-jogl/jogl-all-natives-solaris-amd64.jar"/>
        <file crc="2008602357" name="modules/ext/com.willwinder.ugs-platform-ugslib/org-jogamp-jogl/jogl-all-natives-solaris-i586.jar"/>
        <file crc="584045100" name="modules/ext/com.willwinder.ugs-platform-ugslib/org-jogamp-jogl/jogl-all-natives-windows-amd64.jar"/>
        <file crc="3230234534" name="modules/ext/com.willwinder.ugs-platform-ugslib/org-jogamp-jogl/jogl-all-natives-windows-i586.jar"/>
        <file crc="3941331126" name="modules/ext/com.willwinder.ugs-platform-ugslib/org-jogamp-jogl/jogl-all.jar"/>
        <file crc="637501982" name="modules/ext/com.willwinder.ugs-platform-ugslib/org-jvnet-mimepull/mimepull.jar"/>
        <file crc="4191045740" name="modules/ext/com.willwinder.ugs-platform-ugslib/org-scream3r/jssc.jar"/>
        <file crc="3379943687" name="modules/ext/com.willwinder.ugs-platform-ugslib/org-swinglabs/swing-layout.jar"/>
    </module_version>
</module>
