<?xml version="1.0" encoding="UTF-8"?><module codename="org.netbeans.modules.junitlib">
    <module_version install_time="1565788929298" last="true" origin="installer" specification_version="1.9.1">
        <file crc="736645064" name="config/Modules/org-netbeans-modules-junitlib.xml"/>
        <file crc="3107683478" name="docs/junit-4.12-javadoc.jar"/>
        <file crc="2691397751" name="docs/junit-4.12-sources.jar"/>
        <file crc="3534445489" name="docs/junit-jupiter-api-5.3.1-javadoc.jar"/>
        <file crc="899927314" name="docs/junit-jupiter-api-5.3.1-sources.jar"/>
        <file crc="1647325289" name="docs/junit-jupiter-engine-5.3.1-javadoc.jar"/>
        <file crc="3932484723" name="docs/junit-jupiter-engine-5.3.1-sources.jar"/>
        <file crc="1688964876" name="docs/junit-jupiter-params-5.3.1-javadoc.jar"/>
        <file crc="968368384" name="docs/junit-jupiter-params-5.3.1-sources.jar"/>
        <file crc="3590132024" name="modules/org-netbeans-modules-junitlib.jar"/>
    </module_version>
</module>
